{
  "model_name": "deepseek-ai/DeepSeek-R1-Distill-Qwen-7B",
  "quality_floor": 0.95,
  "relufied": false,
  "n_layers": 28,
  "d_ffn": 18944,
  "d_model": 3584,
  "calibration_sentences": 12,
  "calibration_tokens": 372,
  "per_layer_sparsity": [
    0.7734,
    0.7156,
    0.5848,
    0.3203,
    0.6363,
    0.7004,
    0.427,
    0.4211,
    0.407,
    0.4688,
    0.4062,
    0.4215,
    0.4316,
    0.4559,
    0.4422,
    0.4645,
    0.432,
    0.4566,
    0.4707,
    0.3805,
    0.4684,
    0.4723,
    0.5199,
    0.6086,
    0.5277,
    0.5844,
    0.473,
    0.5508
  ],
  "per_layer_worst_cos": [
    0.9502,
    0.9502,
    0.9502,
    0.9512,
    0.9502,
    0.9502,
    0.9502,
    0.9507,
    0.9502,
    0.9502,
    0.9502,
    0.9502,
    0.9502,
    0.9502,
    0.9502,
    0.9502,
    0.9517,
    0.9502,
    0.9502,
    0.9502,
    0.9502,
    0.9502,
    0.9502,
    0.9502,
    0.9502,
    0.9507,
    0.9502,
    0.9502
  ],
  "overall_avg_sparsity": 0.5008,
  "overall_effective_speedup": 2.0,
  "calibration_time_sec": 11.4,
  "layer_profiles": [
    {
      "layer_idx": 0,
      "optimal_sparsity": 0.7734,
      "worst_cos_at_optimal": 0.9502,
      "sparsity_curve": {
        "0.10": 0.9990234375,
        "0.20": 0.99853515625,
        "0.30": 0.9970703125,
        "0.40": 0.99609375,
        "0.50": 0.994140625,
        "0.60": 0.9853515625,
        "0.70": 0.96923828125,
        "0.80": 0.93896484375,
        "0.90": 0.87890625,
        "0.7500": 0.95556640625,
        "0.7750": 0.94970703125,
        "0.7625": 0.95263671875,
        "0.7688": 0.951171875,
        "0.7719": 0.951171875,
        "0.7734": 0.9501953125,
        "0.7742": 0.94970703125,
        "0.7738": 0.94970703125
      }
    },
    {
      "layer_idx": 1,
      "optimal_sparsity": 0.7156,
      "worst_cos_at_optimal": 0.9502,
      "sparsity_curve": {
        "0.10": 0.9970703125,
        "0.20": 0.994140625,
        "0.30": 0.99365234375,
        "0.40": 0.9921875,
        "0.50": 0.990234375,
        "0.60": 0.9794921875,
        "0.70": 0.95654296875,
        "0.80": 0.90869140625,
        "0.90": 0.8369140625,
        "0.7500": 0.93701171875,
        "0.7250": 0.94677734375,
        "0.7125": 0.95068359375,
        "0.7188": 0.9482421875,
        "0.7156": 0.9501953125,
        "0.7172": 0.9482421875,
        "0.7164": 0.94970703125,
        "0.7160": 0.94970703125
      }
    },
    {
      "layer_idx": 2,
      "optimal_sparsity": 0.5848,
      "worst_cos_at_optimal": 0.9502,
      "sparsity_curve": {
        "0.10": 0.99609375,
        "0.20": 0.99169921875,
        "0.30": 0.9853515625,
        "0.40": 0.97998046875,
        "0.50": 0.9658203125,
        "0.60": 0.9462890625,
        "0.70": 0.91455078125,
        "0.80": 0.8779296875,
        "0.90": 0.806640625,
        "0.5500": 0.95703125,
        "0.5750": 0.95263671875,
        "0.5875": 0.94970703125,
        "0.5812": 0.95166015625,
        "0.5844": 0.9501953125,
        "0.5859": 0.94970703125,
        "0.5852": 0.94970703125,
        "0.5848": 0.9501953125
      }
    },
    {
      "layer_idx": 3,
      "optimal_sparsity": 0.3203,
      "worst_cos_at_optimal": 0.9512,
      "sparsity_curve": {
        "0.10": 0.98974609375,
        "0.20": 0.97900390625,
        "0.30": 0.9560546875,
        "0.40": 0.92822265625,
        "0.50": 0.873046875,
        "0.60": 0.80224609375,
        "0.70": 0.76123046875,
        "0.80": 0.67626953125,
        "0.90": 0.294677734375,
        "0.3500": 0.94677734375,
        "0.3250": 0.94677734375,
        "0.3125": 0.9541015625,
        "0.3187": 0.951171875,
        "0.3219": 0.9482421875,
        "0.3203": 0.951171875,
        "0.3211": 0.94775390625,
        "0.3207": 0.94775390625
      }
    },
    {
      "layer_idx": 4,
      "optimal_sparsity": 0.6363,
      "worst_cos_at_optimal": 0.9502,
      "sparsity_curve": {
        "0.10": 0.9990234375,
        "0.20": 0.99755859375,
        "0.30": 0.99365234375,
        "0.40": 0.986328125,
        "0.50": 0.97607421875,
        "0.60": 0.958984375,
        "0.70": 0.9326171875,
        "0.80": 0.88330078125,
        "0.90": 0.779296875,
        "0.6500": 0.94677734375,
        "0.6250": 0.953125,
        "0.6375": 0.94970703125,
        "0.6312": 0.951171875,
        "0.6344": 0.9501953125,
        "0.6359": 0.9501953125,
        "0.6367": 0.94970703125,
        "0.6363": 0.9501953125
      }
    },
    {
      "layer_idx": 5,
      "optimal_sparsity": 0.7004,
      "worst_cos_at_optimal": 0.9502,
      "sparsity_curve": {
        "0.10": 0.9990234375,
        "0.20": 0.9990234375,
        "0.30": 0.9970703125,
        "0.40": 0.99365234375,
        "0.50": 0.9853515625,
        "0.60": 0.974609375,
        "0.70": 0.95068359375,
        "0.80": 0.9140625,
        "0.90": 0.828125,
        "0.7500": 0.93310546875,
        "0.7250": 0.94189453125,
        "0.7125": 0.94580078125,
        "0.7062": 0.94677734375,
        "0.7031": 0.94921875,
        "0.7016": 0.94970703125,
        "0.7008": 0.94921875,
        "0.7004": 0.9501953125
      }
    },
    {
      "layer_idx": 6,
      "optimal_sparsity": 0.427,
      "worst_cos_at_optimal": 0.9502,
      "sparsity_curve": {
        "0.10": 0.99853515625,
        "0.20": 0.99267578125,
        "0.30": 0.978515625,
        "0.40": 0.95703125,
        "0.50": 0.9189453125,
        "0.60": 0.87744140625,
        "0.70": 0.81201171875,
        "0.80": 0.732421875,
        "0.90": 0.58154296875,
        "0.4500": 0.94091796875,
        "0.4250": 0.95068359375,
        "0.4375": 0.94677734375,
        "0.4313": 0.9482421875,
        "0.4281": 0.94970703125,
        "0.4266": 0.9501953125,
        "0.4273": 0.94970703125,
        "0.4270": 0.9501953125
      }
    },
    {
      "layer_idx": 7,
      "optimal_sparsity": 0.4211,
      "worst_cos_at_optimal": 0.9507,
      "sparsity_curve": {
        "0.10": 0.99853515625,
        "0.20": 0.9931640625,
        "0.30": 0.97998046875,
        "0.40": 0.95654296875,
        "0.50": 0.921875,
        "0.60": 0.87158203125,
        "0.70": 0.8046875,
        "0.80": 0.724609375,
        "0.90": 0.60888671875,
        "0.4500": 0.9404296875,
        "0.4250": 0.94873046875,
        "0.4125": 0.95263671875,
        "0.4188": 0.951171875,
        "0.4219": 0.94970703125,
        "0.4203": 0.95068359375,
        "0.4211": 0.95068359375,
        "0.4215": 0.94921875
      }
    },
    {
      "layer_idx": 8,
      "optimal_sparsity": 0.407,
      "worst_cos_at_optimal": 0.9502,
      "sparsity_curve": {
        "0.10": 0.99853515625,
        "0.20": 0.99267578125,
        "0.30": 0.9775390625,
        "0.40": 0.9521484375,
        "0.50": 0.91455078125,
        "0.60": 0.86181640625,
        "0.70": 0.787109375,
        "0.80": 0.69775390625,
        "0.90": 0.5810546875,
        "0.4500": 0.93408203125,
        "0.4250": 0.9443359375,
        "0.4125": 0.94873046875,
        "0.4062": 0.9501953125,
        "0.4094": 0.94970703125,
        "0.4078": 0.94921875,
        "0.4070": 0.9501953125,
        "0.4074": 0.94921875
      }
    },
    {
      "layer_idx": 9,
      "optimal_sparsity": 0.4688,
      "worst_cos_at_optimal": 0.9502,
      "sparsity_curve": {
        "0.10": 0.998046875,
        "0.20": 0.99365234375,
        "0.30": 0.9833984375,
        "0.40": 0.9677734375,
        "0.50": 0.9404296875,
        "0.60": 0.89306640625,
        "0.70": 0.82666015625,
        "0.80": 0.71142578125,
        "0.90": 0.509765625,
        "0.4500": 0.955078125,
        "0.4750": 0.9482421875,
        "0.4625": 0.95166015625,
        "0.4688": 0.9501953125,
        "0.4719": 0.94921875,
        "0.4703": 0.94873046875,
        "0.4695": 0.94970703125,
        "0.4691": 0.94970703125
      }
    },
    {
      "layer_idx": 10,
      "optimal_sparsity": 0.4062,
      "worst_cos_at_optimal": 0.9502,
      "sparsity_curve": {
        "0.10": 0.99853515625,
        "0.20": 0.9912109375,
        "0.30": 0.9765625,
        "0.40": 0.9521484375,