{
  "model_name": "deepseek-ai/DeepSeek-R1-Distill-Qwen-7B",
  "quality_floor": 0.95,
  "relufied": false,
  "n_layers": 28,
  "d_ffn": 18944,
  "d_model": 3584,
  "calibration_sentences": 5,
  "calibration_tokens": 153,
  "per_layer_sparsity": [
    0.7922,
    0.9129,
    0.8094,
    0.3203,
    0.6363,
    0.7566,
    0.4656,
    0.4367,
    0.4223,
    0.532,
    0.4098,
    0.4262,
    0.4316,
    0.4852,
    0.4504,
    0.5102,
    0.432,
    0.4816,
    0.4754,
    0.4359,
    0.4922,
    0.507,
    0.541,
    0.6105,
    0.5277,
    0.5844,
    0.473,
    0.5656
  ],
  "per_layer_worst_cos": [
    0.9502,
    0.9507,
    0.9502,
    0.9512,
    0.9502,
    0.9507,
    0.9502,
    0.9502,
    0.9507,
    0.9502,
    0.9502,
    0.9502,
    0.9502,
    0.9502,
    0.9502,
    0.9502,
    0.9517,
    0.9502,
    0.9502,
    0.9502,
    0.9502,
    0.9502,
    0.9502,
    0.9502,
    0.9502,
    0.9507,
    0.9502,
    0.9502
  ],
  "overall_avg_sparsity": 0.533,
  "overall_effective_speedup": 2.14,
  "calibration_time_sec": 350.1,
  "layer_profiles": [
    {
      "layer_idx": 0,
      "optimal_sparsity": 0.7922,
      "worst_cos_at_optimal": 0.9502,
      "sparsity_curve": {
        "0.10": 0.9990234375,
        "0.20": 0.99853515625,
        "0.30": 0.99755859375,
        "0.40": 0.99609375,
        "0.50": 0.99462890625,
        "0.60": 0.9873046875,
        "0.70": 0.97265625,
        "0.80": 0.9453125,
        "0.90": 0.87890625,
        "0.7500": 0.96142578125,
        "0.7750": 0.955078125,
        "0.7875": 0.95166015625,
        "0.7938": 0.94873046875,
        "0.7906": 0.95068359375,
        "0.7922": 0.9501953125,
        "0.7930": 0.94970703125,
        "0.7926": 0.94970703125
      }
    },
    {
      "layer_idx": 1,
      "optimal_sparsity": 0.9129,
      "worst_cos_at_optimal": 0.9507,
      "sparsity_curve": {
        "0.10": 0.9990234375,
        "0.20": 0.99853515625,
        "0.30": 0.99853515625,
        "0.40": 0.998046875,
        "0.50": 0.99658203125,
        "0.60": 0.99365234375,
        "0.70": 0.98828125,
        "0.80": 0.97900390625,
        "0.90": 0.95751953125,
        "0.92": 0.94677734375,
        "0.9100": 0.95068359375,
        "0.9150": 0.94873046875,
        "0.9125": 0.9501953125,
        "0.9138": 0.94921875,
        "0.9131": 0.94970703125,
        "0.9128": 0.9501953125,
        "0.9130": 0.94970703125,
        "0.9129": 0.95068359375
      }
    },
    {
      "layer_idx": 2,
      "optimal_sparsity": 0.8094,
      "worst_cos_at_optimal": 0.9502,
      "sparsity_curve": {
        "0.10": 0.9990234375,
        "0.20": 0.998046875,
        "0.30": 0.99560546875,
        "0.40": 0.9931640625,
        "0.50": 0.9873046875,
        "0.60": 0.9814453125,
        "0.70": 0.966796875,
        "0.80": 0.953125,
        "0.90": 0.9072265625,
        "0.8500": 0.93603515625,
        "0.8250": 0.94580078125,
        "0.8125": 0.94921875,
        "0.8063": 0.95068359375,
        "0.8094": 0.9501953125,
        "0.8109": 0.94970703125,
        "0.8102": 0.94921875,
        "0.8098": 0.94970703125
      }
    },
    {
      "layer_idx": 3,
      "optimal_sparsity": 0.3203,
      "worst_cos_at_optimal": 0.9512,
      "sparsity_curve": {
        "0.10": 0.9912109375,
        "0.20": 0.97900390625,
        "0.30": 0.9560546875,
        "0.40": 0.939453125,
        "0.50": 0.9384765625,
        "0.60": 0.9189453125,
        "0.70": 0.884765625,
        "0.80": 0.87060546875,
        "0.90": 0.779296875,
        "0.3500": 0.94677734375,
        "0.3250": 0.94677734375,
        "0.3125": 0.9541015625,
        "0.3187": 0.951171875,
        "0.3219": 0.9482421875,
        "0.3203": 0.951171875,
        "0.3211": 0.94775390625,
        "0.3207": 0.94775390625
      }
    },
    {
      "layer_idx": 4,
      "optimal_sparsity": 0.6363,
      "worst_cos_at_optimal": 0.9502,
      "sparsity_curve": {
        "0.10": 0.9990234375,
        "0.20": 0.99755859375,
        "0.30": 0.994140625,
        "0.40": 0.986328125,
        "0.50": 0.97607421875,
        "0.60": 0.958984375,
        "0.70": 0.9326171875,
        "0.80": 0.88330078125,
        "0.90": 0.779296875,
        "0.6500": 0.94677734375,
        "0.6250": 0.953125,
        "0.6375": 0.94970703125,
        "0.6312": 0.951171875,
        "0.6344": 0.9501953125,
        "0.6359": 0.9501953125,
        "0.6367": 0.94970703125,
        "0.6363": 0.9501953125
      }
    },
    {
      "layer_idx": 5,
      "optimal_sparsity": 0.7566,
      "worst_cos_at_optimal": 0.9507,
      "sparsity_curve": {
        "0.10": 0.9990234375,
        "0.20": 0.9990234375,
        "0.30": 0.99755859375,
        "0.40": 0.994140625,
        "0.50": 0.98974609375,
        "0.60": 0.9794921875,
        "0.70": 0.96630859375,
        "0.80": 0.9326171875,
        "0.90": 0.86767578125,
        "0.7500": 0.95166015625,
        "0.7750": 0.943359375,
        "0.7625": 0.9482421875,
        "0.7562": 0.9501953125,
        "0.7594": 0.94970703125,
        "0.7578": 0.94970703125,
        "0.7570": 0.94970703125,
        "0.7566": 0.95068359375
      }
    },
    {
      "layer_idx": 6,
      "optimal_sparsity": 0.4656,
      "worst_cos_at_optimal": 0.9502,
      "sparsity_curve": {
        "0.10": 0.99853515625,
        "0.20": 0.994140625,
        "0.30": 0.9833984375,
        "0.40": 0.966796875,
        "0.50": 0.939453125,
        "0.60": 0.900390625,
        "0.70": 0.84375,
        "0.80": 0.76171875,
        "0.90": 0.61376953125,
        "0.4500": 0.9541015625,
        "0.4750": 0.947265625,
        "0.4625": 0.95068359375,
        "0.4688": 0.94873046875,
        "0.4656": 0.9501953125,
        "0.4672": 0.94873046875,
        "0.4664": 0.94970703125,
        "0.4660": 0.94970703125
      }
    },
    {
      "layer_idx": 7,
      "optimal_sparsity": 0.4367,
      "worst_cos_at_optimal": 0.9502,
      "sparsity_curve": {
        "0.10": 0.9990234375,
        "0.20": 0.99365234375,
        "0.30": 0.98095703125,
        "0.40": 0.96044921875,
        "0.50": 0.92822265625,
        "0.60": 0.88427734375,
        "0.70": 0.822265625,
        "0.80": 0.74072265625,
        "0.90": 0.61181640625,
        "0.4500": 0.94580078125,
        "0.4250": 0.9541015625,
        "0.4375": 0.94970703125,
        "0.4313": 0.9521484375,
        "0.4344": 0.951171875,
        "0.4359": 0.95068359375,
        "0.4367": 0.9501953125,
        "0.4371": 0.94970703125
      }
    },
    {
      "layer_idx": 8,
      "optimal_sparsity": 0.4223,
      "worst_cos_at_optimal": 0.9507,
      "sparsity_curve": {
        "0.10": 0.99853515625,
        "0.20": 0.99267578125,
        "0.30": 0.9794921875,
        "0.40": 0.95751953125,
        "0.50": 0.92529296875,
        "0.60": 0.884765625,
        "0.70": 0.826171875,
        "0.80": 0.75390625,
        "0.90": 0.65625,
        "0.4500": 0.9423828125,
        "0.4250": 0.94921875,
        "0.4125": 0.9541015625,
        "0.4188": 0.95068359375,
        "0.4219": 0.9501953125,
        "0.4234": 0.94970703125,
        "0.4227": 0.94970703125,
        "0.4223": 0.95068359375
      }
    },
    {
      "layer_idx": 9,
      "optimal_sparsity": 0.532,
      "worst_cos_at_optimal": 0.9502,
      "sparsity_curve": {
        "0.10": 0.99853515625,
        "0.20": 0.99609375,
        "0.30": 0.9892578125,
        "0.40": 0.97802734375,
        "0.50": 0.95849609375,
        "0.60": 0.92822265625,
        "0.70": 0.873046875,
        "0.80": 0.78564453125,
        "0.90": 0.61328125,
        "0.5500": 0.9453125,
        "0.5250": 0.95166015625,
        "0.5375": 0.94873046875,
        "0.5312": 0.9501953125,
        "0.5344": 0.94970703125,
        "0.5328": 0.94970703125,
        "0.5320": 0.9501953125,
        "0.5324": 0.94970703125
      }
    },
    {
      "layer_idx": 10,
      "optimal_sparsity": 0.4098,
      "worst_cos_at_optimal": 0.9502,
      "sparsity_curve": {
        "0.10": 0.99853515625,
        "0.20": 0.99169921875,
        "0.30": 0.9775390625,