{
  "model_name": "TinyLlama/TinyLlama-1.1B-Chat-v1.0",
  "quality_floor": 0.98,
  "relufied": true,
  "n_layers": 22,
  "d_ffn": 5632,
  "d_model": 2048,
  "calibration_sentences": 12,
  "calibration_tokens": 481,
  "per_layer_sparsity": [
    0.7762,
    0.7039,
    0.7133,
    0.6797,
    0.7055,
    0.7324,
    0.7551,
    0.7746,
    0.7977,
    0.8016,
    0.7926,
    0.7887,
    0.7848,
    0.7914,
    0.7711,
    0.7465,
    0.7559,
    0.7137,
    0.7098,
    0.6816,
    0.6422,
    0.5922
  ],
  "per_layer_worst_cos": [
    0.9803,
    0.98,
    0.9804,
    0.9801,
    0.98,
    0.9801,
    0.98,
    0.9802,
    0.9801,
    0.9801,
    0.9801,
    0.9802,
    0.9803,
    0.9804,
    0.98,
    0.98,
    0.98,
    0.98,
    0.98,
    0.9801,
    0.98,
    0.9802
  ],
  "overall_avg_sparsity": 0.7368,
  "overall_effective_speedup": 3.8,
  "calibration_time_sec": 3.9,
  "layer_profiles": [
    {
      "layer_idx": 0,
      "optimal_sparsity": 0.7762,
      "worst_cos_at_optimal": 0.9803,
      "sparsity_curve": {
        "0.10": 0.9999997615814209,
        "0.20": 0.9999997615814209,
        "0.30": 0.9999997615814209,
        "0.40": 0.9999997615814209,
        "0.50": 0.9999828338623047,
        "0.60": 0.9990918636322021,
        "0.70": 0.9954879879951477,
        "0.80": 0.9683798551559448,
        "0.90": 0.8481585383415222,
        "0.7500": 0.9883989095687866,
        "0.7750": 0.980588972568512,
        "0.7875": 0.9759393930435181,
        "0.7812": 0.9782023429870605,
        "0.7781": 0.9796445965766907,
        "0.7766": 0.9799484014511108,
        "0.7758": 0.9803551435470581,
        "0.7762": 0.9803462028503418
      }
    },
    {
      "layer_idx": 1,
      "optimal_sparsity": 0.7039,
      "worst_cos_at_optimal": 0.98,
      "sparsity_curve": {
        "0.10": 0.9999998211860657,
        "0.20": 0.9999998211860657,
        "0.30": 0.9999998211860657,
        "0.40": 0.9999998211860657,
        "0.50": 0.9998409748077393,
        "0.60": 0.9955664277076721,
        "0.70": 0.9809600710868835,
        "0.80": 0.93226557970047,
        "0.90": 0.8080467581748962,
        "0.7500": 0.9639992117881775,
        "0.7250": 0.9730921983718872,
        "0.7125": 0.977603018283844,
        "0.7062": 0.9795248508453369,
        "0.7031": 0.9800853729248047,
        "0.7047": 0.9797953367233276,
        "0.7039": 0.9800325632095337,
        "0.7043": 0.9799399375915527
      }
    },
    {
      "layer_idx": 2,
      "optimal_sparsity": 0.7133,
      "worst_cos_at_optimal": 0.9804,
      "sparsity_curve": {
        "0.10": 0.9999997615814209,
        "0.20": 0.9999997615814209,
        "0.30": 0.9999997615814209,
        "0.40": 0.9999997615814209,
        "0.50": 0.9999266862869263,
        "0.60": 0.9971023201942444,
        "0.70": 0.9848116040229797,
        "0.80": 0.9377228021621704,
        "0.90": 0.8190299272537231,
        "0.7500": 0.9635646343231201,
        "0.7250": 0.9750144481658936,
        "0.7125": 0.9806951284408569,
        "0.7188": 0.9776102900505066,
        "0.7156": 0.9789706468582153,
        "0.7141": 0.9795190095901489,
        "0.7133": 0.9804002642631531,
        "0.7137": 0.9796909689903259
      }
    },
    {
      "layer_idx": 3,
      "optimal_sparsity": 0.6797,
      "worst_cos_at_optimal": 0.9801,
      "sparsity_curve": {
        "0.10": 0.9999998211860657,
        "0.20": 0.9999998211860657,
        "0.30": 0.9999998211860657,
        "0.40": 0.9999998211860657,
        "0.50": 0.9994779825210571,
        "0.60": 0.9936782121658325,
        "0.70": 0.9750459790229797,
        "0.80": 0.9250304102897644,
        "0.90": 0.813615620136261,
        "0.6500": 0.9858793020248413,
        "0.6750": 0.981262743473053,
        "0.6875": 0.9783434867858887,
        "0.6812": 0.9797388315200806,
        "0.6781": 0.9804136157035828,
        "0.6797": 0.9800578355789185,
        "0.6805": 0.979838490486145,
        "0.6801": 0.9799976348876953
      }
    },
    {
      "layer_idx": 4,
      "optimal_sparsity": 0.7055,
      "worst_cos_at_optimal": 0.98,
      "sparsity_curve": {
        "0.10": 0.9999997615814209,
        "0.20": 0.9999997615814209,
        "0.30": 0.9999997615814209,
        "0.40": 0.9999997615814209,
        "0.50": 0.9999277591705322,
        "0.60": 0.9964302182197571,
        "0.70": 0.9808173179626465,
        "0.80": 0.9332128763198853,
        "0.90": 0.8294018507003784,
        "0.7500": 0.9605897068977356,
        "0.7250": 0.9720460176467896,
        "0.7125": 0.9785433411598206,
        "0.7062": 0.979882001876831,
        "0.7031": 0.9801210165023804,
        "0.7047": 0.9800094366073608,
        "0.7055": 0.9800167679786682,
        "0.7059": 0.9799467325210571
      }
    },
    {
      "layer_idx": 5,
      "optimal_sparsity": 0.7324,
      "worst_cos_at_optimal": 0.9801,
      "sparsity_curve": {
        "0.10": 0.9999997615814209,
        "0.20": 0.9999997615814209,
        "0.30": 0.9999997615814209,
        "0.40": 0.9999997615814209,
        "0.50": 0.9999997615814209,
        "0.60": 0.9986714720726013,
        "0.70": 0.9884458780288696,
        "0.80": 0.950251579284668,
        "0.90": 0.8506921529769897,
        "0.7500": 0.9720053672790527,
        "0.7250": 0.9818389415740967,
        "0.7375": 0.9775583148002625,
        "0.7312": 0.9806921482086182,
        "0.7344": 0.9795299768447876,
        "0.7328": 0.9796552658081055,
        "0.7320": 0.9801486134529114,
        "0.7324": 0.9801063537597656
      }
    },
    {
      "layer_idx": 6,
      "optimal_sparsity": 0.7551,
      "worst_cos_at_optimal": 0.98,
      "sparsity_curve": {
        "0.10": 0.9999997615814209,
        "0.20": 0.9999997615814209,
        "0.30": 0.9999997615814209,
        "0.40": 0.9999997615814209,
        "0.50": 0.9999997615814209,
        "0.60": 0.9997985363006592,
        "0.70": 0.9931254982948303,
        "0.80": 0.9555399417877197,
        "0.90": 0.8613603711128235,
        "0.7500": 0.981692910194397,
        "0.7750": 0.9713038802146912,
        "0.7625": 0.9762074947357178,
        "0.7562": 0.9798452258110046,
        "0.7531": 0.9804213047027588,
        "0.7547": 0.980129599571228,
        "0.7555": 0.9799058437347412,
        "0.7551": 0.9800402522087097
      }
    },
    {
      "layer_idx": 7,
      "optimal_sparsity": 0.7746,
      "worst_cos_at_optimal": 0.9802,
      "sparsity_curve": {
        "0.10": 0.9999997615814209,
        "0.20": 0.9999997615814209,
        "0.30": 0.9999997615814209,
        "0.40": 0.9999997615814209,
        "0.50": 0.9999997615814209,
        "0.60": 0.9999997615814209,
        "0.70": 0.9965748190879822,
        "0.80": 0.9711893796920776,
        "0.90": 0.8888062238693237,
        "0.7500": 0.9876634478569031,
        "0.7750": 0.979407548904419,
        "0.7625": 0.9833902716636658,
        "0.7688": 0.9816903471946716,
        "0.7719": 0.980934202671051,
        "0.7734": 0.9805677533149719,
        "0.7742": 0.9803016185760498,
        "0.7746": 0.9802055358886719
      }
    },
    {
      "layer_idx": 8,
      "optimal_sparsity": 0.7977,
      "worst_cos_at_optimal": 0.9801,
      "sparsity_curve": {
        "0.10": 0.9999997615814209,
        "0.20": 0.9999997615814209,
        "0.30": 0.9999997615814209,
        "0.40": 0.9999997615814209,
        "0.50": 0.9999997615814209,
        "0.60": 0.9999997615814209,
        "0.70": 0.9989842176437378,
        "0.80": 0.9779128432273865,
        "0.90": 0.885735809803009,
        "0.7500": 0.9930046796798706,
        "0.7750": 0.9863402843475342,
        "0.7875": 0.9825721383094788,
        "0.7938": 0.9813823103904724,
        "0.7969": 0.9804654121398926,
        "0.7984": 0.9796851873397827,
        "0.7977": 0.9801358580589294,
        "0.7980": 0.9799256920814514
      }
    },
    {
      "layer_idx": 9,
      "optimal_sparsity": 0.8016,
      "worst_cos_at_optimal": 0.9801,
      "sparsity_curve": {
        "0.10": 0.9999998211860657,
        "0.20": 0.9999998211860657,