{
  "model_name": "TinyLlama/TinyLlama-1.1B-Chat-v1.0",
  "quality_floor": 0.98,
  "relufied": false,
  "n_layers": 22,
  "d_ffn": 5632,
  "d_model": 2048,
  "calibration_sentences": 5,
  "calibration_tokens": 173,
  "per_layer_sparsity": [
    0.4266,
    0.4215,
    0.4004,
    0.3938,
    0.3852,
    0.3758,
    0.3477,
    0.3598,
    0.3328,
    0.2918,
    0.318,
    0.3086,
    0.2902,
    0.2977,
    0.2969,
    0.325,
    0.3152,
    0.3082,
    0.3453,
    0.3676,
    0.4098,
    0.3773
  ],
  "per_layer_worst_cos": [
    0.9801,
    0.98,
    0.9801,
    0.9801,
    0.98,
    0.9801,
    0.9803,
    0.9802,
    0.98,
    0.9801,
    0.9801,
    0.98,
    0.98,
    0.9801,
    0.98,
    0.9801,
    0.98,
    0.98,
    0.9805,
    0.98,
    0.9801,
    0.9801
  ],
  "overall_avg_sparsity": 0.3498,
  "overall_effective_speedup": 1.54,
  "calibration_time_sec": 286.1,
  "layer_profiles": [
    {
      "layer_idx": 0,
      "optimal_sparsity": 0.4266,
      "worst_cos_at_optimal": 0.9801,
      "sparsity_curve": {
        "0.10": 0.9997116923332214,
        "0.20": 0.9979835748672485,
        "0.30": 0.9931049346923828,
        "0.40": 0.9835700988769531,
        "0.50": 0.9671961069107056,
        "0.60": 0.9378888010978699,
        "0.70": 0.8883271217346191,
        "0.80": 0.8071211576461792,
        "0.90": 0.7188037037849426,
        "0.4500": 0.9758889675140381,
        "0.4250": 0.9803212881088257,
        "0.4375": 0.9784707427024841,
        "0.4313": 0.9789703488349915,
        "0.4281": 0.9797089099884033,
        "0.4266": 0.9800909757614136,
        "0.4273": 0.9799149632453918,
        "0.4270": 0.9799264669418335
      }
    },
    {
      "layer_idx": 1,
      "optimal_sparsity": 0.4215,
      "worst_cos_at_optimal": 0.98,
      "sparsity_curve": {
        "0.10": 0.9997261166572571,
        "0.20": 0.9980441927909851,
        "0.30": 0.9931962490081787,
        "0.40": 0.9827019572257996,
        "0.50": 0.9633930921554565,
        "0.60": 0.9298416376113892,
        "0.70": 0.880811333656311,
        "0.80": 0.7962293028831482,
        "0.90": 0.6514362096786499,
        "0.4500": 0.9745354652404785,
        "0.4250": 0.9791156053543091,
        "0.4125": 0.980952262878418,
        "0.4188": 0.9802895784378052,
        "0.4219": 0.9799445867538452,
        "0.4203": 0.9800426959991455,
        "0.4211": 0.9800119996070862,
        "0.4215": 0.9800354242324829
      }
    },
    {
      "layer_idx": 2,
      "optimal_sparsity": 0.4004,
      "worst_cos_at_optimal": 0.9801,
      "sparsity_curve": {
        "0.10": 0.9996280670166016,
        "0.20": 0.997495174407959,
        "0.30": 0.9909867644309998,
        "0.40": 0.9800769090652466,
        "0.50": 0.9611356258392334,
        "0.60": 0.9303023815155029,
        "0.70": 0.8712986707687378,
        "0.80": 0.7828322649002075,
        "0.90": 0.6303008794784546,
        "0.4500": 0.9708681106567383,
        "0.4250": 0.9766532182693481,
        "0.4125": 0.9786219000816345,
        "0.4062": 0.9792861938476562,
        "0.4031": 0.9793260097503662,
        "0.4016": 0.9794872999191284,
        "0.4008": 0.9799525737762451,
        "0.4004": 0.9800863265991211
      }
    },
    {
      "layer_idx": 3,
      "optimal_sparsity": 0.3938,
      "worst_cos_at_optimal": 0.9801,
      "sparsity_curve": {
        "0.10": 0.999610185623169,
        "0.20": 0.9974664449691772,
        "0.30": 0.9906532764434814,
        "0.40": 0.9786826372146606,
        "0.50": 0.9570789933204651,
        "0.60": 0.9237469434738159,
        "0.70": 0.8690151572227478,
        "0.80": 0.7969655990600586,
        "0.90": 0.6574596166610718,
        "0.3500": 0.9854416847229004,
        "0.3750": 0.9827115535736084,
        "0.3875": 0.9809774160385132,
        "0.3938": 0.9800853729248047,
        "0.3969": 0.9795393943786621,
        "0.3953": 0.9798434972763062,
        "0.3945": 0.9799003005027771,
        "0.3941": 0.9798597097396851
      }
    },
    {
      "layer_idx": 4,
      "optimal_sparsity": 0.3852,
      "worst_cos_at_optimal": 0.98,
      "sparsity_curve": {
        "0.10": 0.9996218085289001,
        "0.20": 0.9972621202468872,
        "0.30": 0.9905463457107544,
        "0.40": 0.9779081344604492,
        "0.50": 0.9541686773300171,
        "0.60": 0.9214808940887451,
        "0.70": 0.8637410402297974,
        "0.80": 0.7636477947235107,
        "0.90": 0.6370253562927246,
        "0.3500": 0.9848860502243042,
        "0.3750": 0.9810304641723633,
        "0.3875": 0.9798965454101562,
        "0.3812": 0.9805344343185425,
        "0.3844": 0.9801934957504272,
        "0.3859": 0.9798879623413086,
        "0.3852": 0.9800258874893188,
        "0.3855": 0.979987621307373
      }
    },
    {
      "layer_idx": 5,
      "optimal_sparsity": 0.3758,
      "worst_cos_at_optimal": 0.9801,
      "sparsity_curve": {
        "0.10": 0.9995863437652588,
        "0.20": 0.9971271753311157,
        "0.30": 0.9898701310157776,
        "0.40": 0.975623607635498,
        "0.50": 0.9534026980400085,
        "0.60": 0.923637866973877,
        "0.70": 0.871954083442688,
        "0.80": 0.7946822047233582,
        "0.90": 0.6689169406890869,
        "0.3500": 0.9842238426208496,
        "0.3750": 0.9801409244537354,
        "0.3875": 0.9776747822761536,
        "0.3812": 0.9786836504936218,
        "0.3781": 0.9794178605079651,
        "0.3766": 0.9799244403839111,
        "0.3758": 0.980087161064148,
        "0.3762": 0.9799484014511108
      }
    },
    {
      "layer_idx": 6,
      "optimal_sparsity": 0.3477,
      "worst_cos_at_optimal": 0.9803,
      "sparsity_curve": {
        "0.10": 0.9995059967041016,
        "0.20": 0.9963015913963318,
        "0.30": 0.9868085980415344,
        "0.40": 0.9701738357543945,
        "0.50": 0.9447230100631714,
        "0.60": 0.9036644697189331,
        "0.70": 0.8418816924095154,
        "0.80": 0.7520301342010498,
        "0.90": 0.5966400504112244,
        "0.3500": 0.9796494841575623,
        "0.3250": 0.9841262102127075,
        "0.3375": 0.9822154641151428,
        "0.3438": 0.9808205366134644,
        "0.3469": 0.9805190563201904,
        "0.3484": 0.9799400568008423,
        "0.3477": 0.9803147912025452,
        "0.3480": 0.9799360036849976
      }
    },
    {
      "layer_idx": 7,
      "optimal_sparsity": 0.3598,
      "worst_cos_at_optimal": 0.9802,
      "sparsity_curve": {
        "0.10": 0.9994193315505981,
        "0.20": 0.99553382396698,
        "0.30": 0.9876898527145386,
        "0.40": 0.9726063013076782,
        "0.50": 0.9468978643417358,
        "0.60": 0.9123959541320801,
        "0.70": 0.857958972454071,
        "0.80": 0.7687287330627441,
        "0.90": 0.6638658046722412,
        "0.3500": 0.9815100431442261,
        "0.3750": 0.9763373136520386,
        "0.3625": 0.9796755909919739,
        "0.3562": 0.9808988571166992,
        "0.3594": 0.9804015159606934,
        "0.3609": 0.9799585342407227,
        "0.3602": 0.9799256920814514,
        "0.3598": 0.9801585674285889
      }
    },
    {
      "layer_idx": 8,
      "optimal_sparsity": 0.3328,
      "worst_cos_at_optimal": 0.98,
      "sparsity_curve": {
        "0.10": 0.9994195699691772,
        "0.20": 0.9959571361541748,
        "0.30": 0.9842925667762756,
        "0.40": 0.9682403802871704,
        "0.50": 0.9429447054862976,
        "0.60": 0.9053535461425781,
        "0.70": 0.854751706123352,
        "0.80": 0.7689684629440308,
        "0.90": 0.6476918458938599,
        "0.3500": 0.9781920909881592,
        "0.3250": 0.9808884859085083,
        "0.3375": 0.9797269105911255,
        "0.3312": 0.9803018569946289,
        "0.3344": 0.9798892140388489,
        "0.3328": 0.9800447225570679,
        "0.3336": 0.9799472689628601,
        "0.3332": 0.9799502491950989
      }
    },
    {
      "layer_idx": 9,
      "optimal_sparsity": 0.2918,
      "worst_cos_at_optimal": 0.9801,
      "sparsity_curve": {
        "0.10": 0.9990381002426147,
        "0.20": 0.9937416315078735,