{
  "model_name": "TinyLlama/TinyLlama-1.1B-Chat-v1.0",
  "quality_floor": 0.95,
  "relufied": false,
  "n_layers": 22,
  "d_ffn": 5632,
  "d_model": 2048,
  "calibration_sentences": 5,
  "calibration_tokens": 173,
  "per_layer_sparsity": [
    0.5723,
    0.5473,
    0.5359,
    0.5246,
    0.516,
    0.5094,
    0.4812,
    0.4883,
    0.4723,
    0.418,
    0.4441,
    0.4258,
    0.4148,
    0.4051,
    0.4281,
    0.4363,
    0.4422,
    0.432,
    0.491,
    0.5176,
    0.5609,
    0.4902
  ],
  "per_layer_worst_cos": [
    0.9502,
    0.9502,
    0.9504,
    0.9501,
    0.95,
    0.9504,
    0.95,
    0.9502,
    0.9501,
    0.95,
    0.9502,
    0.9501,
    0.9511,
    0.9502,
    0.95,
    0.9501,
    0.9501,
    0.95,
    0.9503,
    0.95,
    0.9502,
    0.9501
  ],
  "overall_avg_sparsity": 0.4797,
  "overall_effective_speedup": 1.92,
  "calibration_time_sec": 269.5,
  "layer_profiles": [
    {
      "layer_idx": 0,
      "optimal_sparsity": 0.5723,
      "worst_cos_at_optimal": 0.9502,
      "sparsity_curve": {
        "0.10": 0.9997116923332214,
        "0.20": 0.9979835748672485,
        "0.30": 0.9931049346923828,
        "0.40": 0.9835700988769531,
        "0.50": 0.9671961069107056,
        "0.60": 0.9378888010978699,
        "0.70": 0.8883271217346191,
        "0.80": 0.8071211576461792,
        "0.90": 0.7188037037849426,
        "0.5500": 0.9558024406433105,
        "0.5750": 0.9498535394668579,
        "0.5625": 0.9523416757583618,
        "0.5687": 0.9515148997306824,
        "0.5719": 0.9501820802688599,
        "0.5734": 0.9498419761657715,
        "0.5727": 0.9499603509902954,
        "0.5723": 0.9501895904541016
      }
    },
    {
      "layer_idx": 1,
      "optimal_sparsity": 0.5473,
      "worst_cos_at_optimal": 0.9502,
      "sparsity_curve": {
        "0.10": 0.9997261166572571,
        "0.20": 0.9980441927909851,
        "0.30": 0.9931962490081787,
        "0.40": 0.9827019572257996,
        "0.50": 0.9633930921554565,
        "0.60": 0.9298416376113892,
        "0.70": 0.880811333656311,
        "0.80": 0.7962293028831482,
        "0.90": 0.6514362096786499,
        "0.5500": 0.9494194984436035,
        "0.5250": 0.9573497772216797,
        "0.5375": 0.952954113483429,
        "0.5438": 0.9513145685195923,
        "0.5469": 0.9504899978637695,
        "0.5484": 0.9498814344406128,
        "0.5477": 0.9499717354774475,
        "0.5473": 0.9501989483833313
      }
    },
    {
      "layer_idx": 2,
      "optimal_sparsity": 0.5359,
      "worst_cos_at_optimal": 0.9504,
      "sparsity_curve": {
        "0.10": 0.9996280670166016,
        "0.20": 0.997495174407959,
        "0.30": 0.9909867644309998,
        "0.40": 0.9800769090652466,
        "0.50": 0.9611356258392334,
        "0.60": 0.9303023815155029,
        "0.70": 0.8712986707687378,
        "0.80": 0.7828322649002075,
        "0.90": 0.6303008794784546,
        "0.5500": 0.9452246427536011,
        "0.5250": 0.9536957144737244,
        "0.5375": 0.9498209953308105,
        "0.5312": 0.9520829916000366,
        "0.5344": 0.9510849118232727,
        "0.5359": 0.9503953456878662,
        "0.5367": 0.9498684406280518,
        "0.5363": 0.9499874114990234
      }
    },
    {
      "layer_idx": 3,
      "optimal_sparsity": 0.5246,
      "worst_cos_at_optimal": 0.9501,
      "sparsity_curve": {
        "0.10": 0.999610185623169,
        "0.20": 0.9974664449691772,
        "0.30": 0.9906532764434814,
        "0.40": 0.9786826372146606,
        "0.50": 0.9570789933204651,
        "0.60": 0.9237469434738159,
        "0.70": 0.8690151572227478,
        "0.80": 0.7969655990600586,
        "0.90": 0.6574596166610718,
        "0.5500": 0.9413176774978638,
        "0.5250": 0.9499211311340332,
        "0.5125": 0.9526690244674683,
        "0.5188": 0.9510594010353088,
        "0.5219": 0.9503544569015503,
        "0.5234": 0.9501456618309021,
        "0.5242": 0.9501193165779114,
        "0.5246": 0.9500623941421509
      }
    },
    {
      "layer_idx": 4,
      "optimal_sparsity": 0.516,
      "worst_cos_at_optimal": 0.95,
      "sparsity_curve": {
        "0.10": 0.9996218085289001,
        "0.20": 0.9972621202468872,
        "0.30": 0.9905463457107544,
        "0.40": 0.9779081344604492,
        "0.50": 0.9541686773300171,
        "0.60": 0.9214808940887451,
        "0.70": 0.8637410402297974,
        "0.80": 0.7636477947235107,
        "0.90": 0.6370253562927246,
        "0.5500": 0.9404754638671875,
        "0.5250": 0.9472282528877258,
        "0.5125": 0.950863242149353,
        "0.5188": 0.9487051963806152,
        "0.5156": 0.95011305809021,
        "0.5172": 0.9498828053474426,
        "0.5164": 0.9499729871749878,
        "0.5160": 0.9500037431716919
      }
    },
    {
      "layer_idx": 5,
      "optimal_sparsity": 0.5094,
      "worst_cos_at_optimal": 0.9504,
      "sparsity_curve": {
        "0.10": 0.9995863437652588,
        "0.20": 0.9971271753311157,
        "0.30": 0.9898701310157776,
        "0.40": 0.975623607635498,
        "0.50": 0.9534026980400085,
        "0.60": 0.923637866973877,
        "0.70": 0.871954083442688,
        "0.80": 0.7946822047233582,
        "0.90": 0.6689169406890869,
        "0.5500": 0.9391535520553589,
        "0.5250": 0.9465379118919373,
        "0.5125": 0.9490894079208374,
        "0.5062": 0.9514237642288208,
        "0.5094": 0.9504104852676392,
        "0.5109": 0.9496670365333557,
        "0.5102": 0.949907660484314,
        "0.5098": 0.9499236941337585
      }
    },
    {
      "layer_idx": 6,
      "optimal_sparsity": 0.4812,
      "worst_cos_at_optimal": 0.95,
      "sparsity_curve": {
        "0.10": 0.9995059967041016,
        "0.20": 0.9963015913963318,
        "0.30": 0.9868085980415344,
        "0.40": 0.9701738357543945,
        "0.50": 0.9447230100631714,
        "0.60": 0.9036644697189331,
        "0.70": 0.8418816924095154,
        "0.80": 0.7520301342010498,
        "0.90": 0.5966400504112244,
        "0.4500": 0.9567286968231201,
        "0.4750": 0.951629102230072,
        "0.4875": 0.9489594101905823,
        "0.4812": 0.9500054717063904,
        "0.4844": 0.9494214057922363,
        "0.4828": 0.9496468305587769,
        "0.4820": 0.9499714374542236,
        "0.4816": 0.9499761462211609
      }
    },
    {
      "layer_idx": 7,
      "optimal_sparsity": 0.4883,
      "worst_cos_at_optimal": 0.9502,
      "sparsity_curve": {
        "0.10": 0.9994193315505981,
        "0.20": 0.99553382396698,
        "0.30": 0.9876898527145386,
        "0.40": 0.9726063013076782,
        "0.50": 0.9468978643417358,
        "0.60": 0.9123959541320801,
        "0.70": 0.857958972454071,
        "0.80": 0.7687287330627441,
        "0.90": 0.6638658046722412,
        "0.4500": 0.9593828916549683,
        "0.4750": 0.9538743495941162,
        "0.4875": 0.9502400159835815,
        "0.4938": 0.9487571716308594,
        "0.4906": 0.9494552612304688,
        "0.4891": 0.9496346116065979,
        "0.4883": 0.9502137303352356,
        "0.4887": 0.9498521685600281
      }
    },
    {
      "layer_idx": 8,
      "optimal_sparsity": 0.4723,
      "worst_cos_at_optimal": 0.9501,
      "sparsity_curve": {
        "0.10": 0.9994195699691772,
        "0.20": 0.9959571361541748,
        "0.30": 0.9842925667762756,
        "0.40": 0.9682403802871704,
        "0.50": 0.9429447054862976,
        "0.60": 0.9053535461425781,
        "0.70": 0.854751706123352,
        "0.80": 0.7689684629440308,
        "0.90": 0.6476918458938599,
        "0.4500": 0.9563081860542297,
        "0.4750": 0.9484258890151978,
        "0.4625": 0.9519510269165039,
        "0.4688": 0.9509727954864502,
        "0.4719": 0.95011967420578,
        "0.4734": 0.9491434693336487,
        "0.4727": 0.9496074318885803,
        "0.4723": 0.95008385181427
      }
    },
    {
      "layer_idx": 9,
      "optimal_sparsity": 0.418,
      "worst_cos_at_optimal": 0.95,
      "sparsity_curve": {
        "0.10": 0.9990381002426147,
        "0.20": 0.9937416315078735,