{
  "model_name": "TinyLlama/TinyLlama-1.1B-Chat-v1.0",
  "quality_floor": 0.95,
  "relufied": false,
  "n_layers": 22,
  "d_ffn": 5632,
  "d_model": 2048,
  "calibration_sentences": 12,
  "calibration_tokens": 481,
  "per_layer_sparsity": [
    0.4895,
    0.5203,
    0.5117,
    0.5184,
    0.516,
    0.4918,
    0.4762,
    0.4742,
    0.4723,
    0.418,
    0.4344,
    0.4258,
    0.4105,
    0.4051,
    0.4168,
    0.4195,
    0.3734,
    0.432,
    0.491,
    0.5062,
    0.5508,
    0.4902
  ],
  "per_layer_worst_cos": [
    0.95,
    0.9501,
    0.9505,
    0.95,
    0.95,
    0.9501,
    0.9501,
    0.95,
    0.9501,
    0.95,
    0.95,
    0.9501,
    0.95,
    0.9502,
    0.9503,
    0.9502,
    0.9507,
    0.95,
    0.9502,
    0.95,
    0.9501,
    0.9501
  ],
  "overall_avg_sparsity": 0.4656,
  "overall_effective_speedup": 1.87,
  "calibration_time_sec": 4.2,
  "layer_profiles": [
    {
      "layer_idx": 0,
      "optimal_sparsity": 0.4895,
      "worst_cos_at_optimal": 0.95,
      "sparsity_curve": {
        "0.10": 0.9995766878128052,
        "0.20": 0.996752142906189,
        "0.30": 0.9893419146537781,
        "0.40": 0.9751242399215698,
        "0.50": 0.9455925226211548,
        "0.60": 0.907206118106842,
        "0.70": 0.8549736142158508,
        "0.80": 0.7717980146408081,
        "0.90": 0.6368587017059326,
        "0.4500": 0.9615182876586914,
        "0.4750": 0.9539011120796204,
        "0.4875": 0.950818657875061,
        "0.4938": 0.946648359298706,
        "0.4906": 0.9491574168205261,
        "0.4891": 0.950289785861969,
        "0.4898": 0.9499995708465576,
        "0.4895": 0.9500150680541992
      }
    },
    {
      "layer_idx": 1,
      "optimal_sparsity": 0.5203,
      "worst_cos_at_optimal": 0.9501,
      "sparsity_curve": {
        "0.10": 0.9995822906494141,
        "0.20": 0.9974009990692139,
        "0.30": 0.9914075136184692,
        "0.40": 0.9797753095626831,
        "0.50": 0.9567991495132446,
        "0.60": 0.9196397662162781,
        "0.70": 0.8727737665176392,
        "0.80": 0.7780905961990356,
        "0.90": 0.6481747627258301,
        "0.5500": 0.9400520324707031,
        "0.5250": 0.9485406875610352,
        "0.5125": 0.9533671140670776,
        "0.5188": 0.9510761499404907,
        "0.5219": 0.949703574180603,
        "0.5203": 0.9501075744628906,
        "0.5211": 0.9498773813247681,
        "0.5207": 0.9499860405921936
      }
    },
    {
      "layer_idx": 2,
      "optimal_sparsity": 0.5117,
      "worst_cos_at_optimal": 0.9505,
      "sparsity_curve": {
        "0.10": 0.9996280670166016,
        "0.20": 0.9973867535591125,
        "0.30": 0.9909112453460693,
        "0.40": 0.9794594645500183,
        "0.50": 0.9536932706832886,
        "0.60": 0.9185433387756348,
        "0.70": 0.8699992895126343,
        "0.80": 0.7827216386795044,
        "0.90": 0.630300760269165,
        "0.5500": 0.9381912350654602,
        "0.5250": 0.9450870752334595,
        "0.5125": 0.9499430656433105,
        "0.5062": 0.9517407417297363,
        "0.5094": 0.950806736946106,
        "0.5109": 0.9507542848587036,
        "0.5117": 0.9505072832107544,
        "0.5121": 0.949959397315979
      }
    },
    {
      "layer_idx": 3,
      "optimal_sparsity": 0.5184,
      "worst_cos_at_optimal": 0.95,
      "sparsity_curve": {
        "0.10": 0.9996103048324585,
        "0.20": 0.9973832368850708,
        "0.30": 0.9906532764434814,
        "0.40": 0.9782338738441467,
        "0.50": 0.9570790529251099,
        "0.60": 0.9219304919242859,
        "0.70": 0.8661742806434631,
        "0.80": 0.7751420736312866,
        "0.90": 0.6362294554710388,
        "0.5500": 0.9412659406661987,
        "0.5250": 0.9484502077102661,
        "0.5125": 0.9519753456115723,
        "0.5188": 0.9496222734451294,
        "0.5156": 0.9515041708946228,
        "0.5172": 0.9505906105041504,
        "0.5180": 0.9502534866333008,
        "0.5184": 0.9500101804733276
      }
    },
    {
      "layer_idx": 4,
      "optimal_sparsity": 0.516,
      "worst_cos_at_optimal": 0.95,
      "sparsity_curve": {
        "0.10": 0.9995936155319214,
        "0.20": 0.9969446659088135,
        "0.30": 0.9905464053153992,
        "0.40": 0.9779082536697388,
        "0.50": 0.9541686773300171,
        "0.60": 0.9155609607696533,
        "0.70": 0.8637410998344421,
        "0.80": 0.7636478543281555,
        "0.90": 0.6370254158973694,
        "0.5500": 0.9393643140792847,
        "0.5250": 0.9472283124923706,
        "0.5125": 0.9508633613586426,
        "0.5188": 0.9487051963806152,
        "0.5156": 0.95011305809021,
        "0.5172": 0.9498828053474426,
        "0.5164": 0.9499730467796326,
        "0.5160": 0.9500036835670471
      }
    },
    {
      "layer_idx": 5,
      "optimal_sparsity": 0.4918,
      "worst_cos_at_optimal": 0.9501,
      "sparsity_curve": {
        "0.10": 0.9995755553245544,
        "0.20": 0.9968277812004089,
        "0.30": 0.9896490573883057,
        "0.40": 0.9756235480308533,
        "0.50": 0.9465509057044983,
        "0.60": 0.9159512519836426,
        "0.70": 0.8637878894805908,
        "0.80": 0.7792928814888,
        "0.90": 0.6466139554977417,
        "0.4500": 0.9629466533660889,
        "0.4750": 0.9572673439979553,
        "0.4875": 0.9513959288597107,
        "0.4938": 0.9483482837677002,
        "0.4906": 0.9500147700309753,
        "0.4922": 0.949972927570343,
        "0.4914": 0.9500771760940552,
        "0.4918": 0.9501439332962036
      }
    },
    {
      "layer_idx": 6,
      "optimal_sparsity": 0.4762,
      "worst_cos_at_optimal": 0.9501,
      "sparsity_curve": {
        "0.10": 0.9994692802429199,
        "0.20": 0.9959338903427124,
        "0.30": 0.9868086576461792,
        "0.40": 0.9697877168655396,
        "0.50": 0.9440845251083374,
        "0.60": 0.9029121398925781,
        "0.70": 0.8418817520141602,
        "0.80": 0.7464436292648315,
        "0.90": 0.5953648090362549,
        "0.4500": 0.9567286372184753,
        "0.4750": 0.9503834247589111,
        "0.4875": 0.9480081796646118,
        "0.4812": 0.9485511779785156,
        "0.4781": 0.9490379691123962,
        "0.4766": 0.9499956965446472,
        "0.4758": 0.950062096118927,
        "0.4762": 0.9500731229782104
      }
    },
    {
      "layer_idx": 7,
      "optimal_sparsity": 0.4742,
      "worst_cos_at_optimal": 0.95,
      "sparsity_curve": {
        "0.10": 0.9991607069969177,
        "0.20": 0.99553382396698,
        "0.30": 0.9867501258850098,
        "0.40": 0.9681565165519714,
        "0.50": 0.9410977363586426,
        "0.60": 0.9012823104858398,
        "0.70": 0.8512380123138428,
        "0.80": 0.7687287330627441,
        "0.90": 0.6138954758644104,
        "0.4500": 0.9547743201255798,
        "0.4750": 0.9493353962898254,
        "0.4625": 0.9529885649681091,
        "0.4688": 0.9512888789176941,
        "0.4719": 0.9506258964538574,
        "0.4734": 0.9504784345626831,
        "0.4742": 0.9500427842140198,
        "0.4746": 0.9498355388641357
      }
    },
    {
      "layer_idx": 8,
      "optimal_sparsity": 0.4723,
      "worst_cos_at_optimal": 0.9501,
      "sparsity_curve": {
        "0.10": 0.999419629573822,
        "0.20": 0.9958608150482178,
        "0.30": 0.9842925071716309,
        "0.40": 0.9682402610778809,
        "0.50": 0.9429446458816528,
        "0.60": 0.9023208022117615,
        "0.70": 0.853596568107605,
        "0.80": 0.768968403339386,
        "0.90": 0.6392043828964233,
        "0.4500": 0.956308126449585,
        "0.4750": 0.9484258890151978,
        "0.4625": 0.9519510269165039,
        "0.4688": 0.9509726762771606,
        "0.4719": 0.9501196146011353,
        "0.4734": 0.9491434693336487,
        "0.4727": 0.949607253074646,
        "0.4723": 0.9500837326049805
      }
    },
    {
      "layer_idx": 9,
      "optimal_sparsity": 0.418,
      "worst_cos_at_optimal": 0.95,
      "sparsity_curve": {
        "0.10": 0.9990379810333252,
        "0.20": 0.9935474991798401,