{
  "model_name": "TinyLlama/TinyLlama-1.1B-Chat-v1.0",
  "quality_floor": 0.98,
  "relufied": true,
  "n_layers": 22,
  "d_ffn": 5632,
  "d_model": 2048,
  "calibration_sentences": 5,
  "calibration_tokens": 173,
  "per_layer_sparsity": [
    0.7812,
    0.748,
    0.7207,
    0.7207,
    0.7797,
    0.7934,
    0.7828,
    0.7918,
    0.8012,
    0.8238,
    0.7926,
    0.7887,
    0.7848,
    0.7969,
    0.7711,
    0.7465,
    0.7559,
    0.7219,
    0.7191,
    0.7047,
    0.6527,
    0.6016
  ],
  "per_layer_worst_cos": [
    0.9803,
    0.9801,
    0.9801,
    0.9801,
    0.9801,
    0.9802,
    0.9803,
    0.9801,
    0.9801,
    0.9801,
    0.9801,
    0.9803,
    0.9803,
    0.9801,
    0.98,
    0.98,
    0.98,
    0.98,
    0.9801,
    0.9801,
    0.9801,
    0.9801
  ],
  "overall_avg_sparsity": 0.7536,
  "overall_effective_speedup": 4.06,
  "calibration_time_sec": 242.7,
  "layer_profiles": [
    {
      "layer_idx": 0,
      "optimal_sparsity": 0.7812,
      "worst_cos_at_optimal": 0.9803,
      "sparsity_curve": {
        "0.10": 0.9999998807907104,
        "0.20": 0.9999998807907104,
        "0.30": 0.9999998807907104,
        "0.40": 0.9999998807907104,
        "0.50": 0.9999828338623047,
        "0.60": 0.9990919232368469,
        "0.70": 0.9954879283905029,
        "0.80": 0.9725959897041321,
        "0.90": 0.8889364004135132,
        "0.7500": 0.9897491931915283,
        "0.7750": 0.9837501049041748,
        "0.7875": 0.9774672389030457,
        "0.7812": 0.9803194999694824,
        "0.7844": 0.9791384339332581,
        "0.7828": 0.9794941544532776,
        "0.7820": 0.9797236919403076,
        "0.7816": 0.9797645807266235
      }
    },
    {
      "layer_idx": 1,
      "optimal_sparsity": 0.748,
      "worst_cos_at_optimal": 0.9801,
      "sparsity_curve": {
        "0.10": 0.9999998211860657,
        "0.20": 0.9999998211860657,
        "0.30": 0.9999998211860657,
        "0.40": 0.9999998211860657,
        "0.50": 0.9999926090240479,
        "0.60": 0.9987612962722778,
        "0.70": 0.9900127649307251,
        "0.80": 0.9584060907363892,
        "0.90": 0.8610209226608276,
        "0.7500": 0.9797369241714478,
        "0.7250": 0.9862688779830933,
        "0.7375": 0.9831199645996094,
        "0.7438": 0.9813927412033081,
        "0.7469": 0.980476975440979,
        "0.7484": 0.9799494743347168,
        "0.7477": 0.9801510572433472,
        "0.7480": 0.9801024198532104
      }
    },
    {
      "layer_idx": 2,
      "optimal_sparsity": 0.7207,
      "worst_cos_at_optimal": 0.9801,
      "sparsity_curve": {
        "0.10": 0.9999998807907104,
        "0.20": 0.9999998807907104,
        "0.30": 0.9999998807907104,
        "0.40": 0.9999998807907104,
        "0.50": 0.9999998807907104,
        "0.60": 0.9989831447601318,
        "0.70": 0.9853238463401794,
        "0.80": 0.9431399703025818,
        "0.90": 0.8340334296226501,
        "0.7500": 0.9714623689651489,
        "0.7250": 0.9789203405380249,
        "0.7125": 0.9821203947067261,
        "0.7188": 0.9803870320320129,
        "0.7219": 0.9797365069389343,
        "0.7203": 0.9801409244537354,
        "0.7211": 0.9799054861068726,
        "0.7207": 0.9801297783851624
      }
    },
    {
      "layer_idx": 3,
      "optimal_sparsity": 0.7207,
      "worst_cos_at_optimal": 0.9801,
      "sparsity_curve": {
        "0.10": 0.9999998807907104,
        "0.20": 0.9999998807907104,
        "0.30": 0.9999998807907104,
        "0.40": 0.9999998807907104,
        "0.50": 0.9999710321426392,
        "0.60": 0.9978693723678589,
        "0.70": 0.9844939112663269,
        "0.80": 0.9496942162513733,
        "0.90": 0.8510633707046509,
        "0.7500": 0.9701420664787292,
        "0.7250": 0.9788721799850464,
        "0.7125": 0.9820553660392761,
        "0.7188": 0.9803745746612549,
        "0.7219": 0.9798696041107178,
        "0.7203": 0.9802911877632141,
        "0.7211": 0.9799938201904297,
        "0.7207": 0.9800992608070374
      }
    },
    {
      "layer_idx": 4,
      "optimal_sparsity": 0.7797,
      "worst_cos_at_optimal": 0.9801,
      "sparsity_curve": {
        "0.10": 0.9999998807907104,
        "0.20": 0.9999998807907104,
        "0.30": 0.9999998807907104,
        "0.40": 0.9999998807907104,
        "0.50": 0.9999998807907104,
        "0.60": 0.9997870922088623,
        "0.70": 0.9952675104141235,
        "0.80": 0.9726740717887878,
        "0.90": 0.8926984071731567,
        "0.7500": 0.9876653552055359,
        "0.7750": 0.9817004203796387,
        "0.7875": 0.9780225157737732,
        "0.7812": 0.9795690774917603,
        "0.7781": 0.9805749654769897,
        "0.7797": 0.9800592660903931,
        "0.7805": 0.9798493385314941,
        "0.7801": 0.9798997044563293
      }
    },
    {
      "layer_idx": 5,
      "optimal_sparsity": 0.7934,
      "worst_cos_at_optimal": 0.9802,
      "sparsity_curve": {
        "0.10": 0.9999998211860657,
        "0.20": 0.9999998211860657,
        "0.30": 0.9999998211860657,
        "0.40": 0.9999998211860657,
        "0.50": 0.9999998211860657,
        "0.60": 0.9999496936798096,
        "0.70": 0.9967482089996338,
        "0.80": 0.9773175120353699,
        "0.90": 0.8999605774879456,
        "0.7500": 0.9896823167800903,
        "0.7750": 0.9835512042045593,
        "0.7875": 0.981292188167572,
        "0.7938": 0.9798820614814758,
        "0.7906": 0.9806310534477234,
        "0.7922": 0.9803627133369446,
        "0.7930": 0.9802870154380798,
        "0.7934": 0.9802316427230835
      }
    },
    {
      "layer_idx": 6,
      "optimal_sparsity": 0.7828,
      "worst_cos_at_optimal": 0.9803,
      "sparsity_curve": {
        "0.10": 0.9999998211860657,
        "0.20": 0.9999998211860657,
        "0.30": 0.9999998211860657,
        "0.40": 0.9999998211860657,
        "0.50": 0.9999998211860657,
        "0.60": 0.9999969005584717,
        "0.70": 0.9963158965110779,
        "0.80": 0.971947968006134,
        "0.90": 0.8919509053230286,
        "0.7500": 0.988282322883606,
        "0.7750": 0.9827992916107178,
        "0.7875": 0.9777629971504211,
        "0.7812": 0.9804139137268066,
        "0.7844": 0.9796451330184937,
        "0.7828": 0.9802954196929932,
        "0.7836": 0.9797202348709106,
        "0.7832": 0.9799799919128418
      }
    },
    {
      "layer_idx": 7,
      "optimal_sparsity": 0.7918,
      "worst_cos_at_optimal": 0.9801,
      "sparsity_curve": {
        "0.10": 0.9999998211860657,
        "0.20": 0.9999998211860657,
        "0.30": 0.9999998211860657,
        "0.40": 0.9999998211860657,
        "0.50": 0.9999998211860657,
        "0.60": 0.9999998211860657,
        "0.70": 0.9989159107208252,
        "0.80": 0.9765725135803223,
        "0.90": 0.8898017406463623,
        "0.7500": 0.9940500259399414,
        "0.7750": 0.9882808327674866,
        "0.7875": 0.9836921691894531,
        "0.7938": 0.9793291091918945,
        "0.7906": 0.9802865982055664,
        "0.7922": 0.9799034595489502,
        "0.7914": 0.9801448583602905,
        "0.7918": 0.9801343083381653
      }
    },
    {
      "layer_idx": 8,
      "optimal_sparsity": 0.8012,
      "worst_cos_at_optimal": 0.9801,
      "sparsity_curve": {
        "0.10": 0.9999998211860657,
        "0.20": 0.9999998211860657,
        "0.30": 0.9999998211860657,
        "0.40": 0.9999998211860657,
        "0.50": 0.9999998211860657,
        "0.60": 0.9999998211860657,
        "0.70": 0.9989843368530273,
        "0.80": 0.9804669618606567,
        "0.90": 0.89923095703125,
        "0.8500": 0.9508978128433228,
        "0.8250": 0.9708150029182434,
        "0.8125": 0.9758613705635071,
        "0.8063": 0.9781718254089355,
        "0.8031": 0.9793911576271057,
        "0.8016": 0.9799985885620117,
        "0.8008": 0.9800914525985718,
        "0.8012": 0.9800640344619751
      }
    },
    {
      "layer_idx": 9,
      "optimal_sparsity": 0.8238,
      "worst_cos_at_optimal": 0.9801,
      "sparsity_curve": {
        "0.10": 0.9999998211860657,