{
  "model_name": "TinyLlama/TinyLlama-1.1B-Chat-v1.0",
  "quality_floor": 0.98,
  "relufied": false,
  "n_layers": 22,
  "d_ffn": 5632,
  "d_model": 2048,
  "calibration_sentences": 12,
  "calibration_tokens": 481,
  "per_layer_sparsity": [
    0.3691,
    0.3965,
    0.3961,
    0.3871,
    0.3852,
    0.3734,
    0.3477,
    0.3383,
    0.3328,
    0.2918,
    0.318,
    0.3086,
    0.2902,
    0.2977,
    0.2969,
    0.2949,
    0.2797,
    0.3082,
    0.3391,
    0.3676,
    0.3867,
    0.3773
  ],
  "per_layer_worst_cos": [
    0.9801,
    0.98,
    0.98,
    0.9801,
    0.98,
    0.98,
    0.9802,
    0.98,
    0.98,
    0.9801,
    0.9801,
    0.98,
    0.98,
    0.9801,
    0.98,
    0.98,
    0.9801,
    0.98,
    0.98,
    0.98,
    0.98,
    0.9801
  ],
  "overall_avg_sparsity": 0.3401,
  "overall_effective_speedup": 1.52,
  "calibration_time_sec": 3.9,
  "layer_profiles": [
    {
      "layer_idx": 0,
      "optimal_sparsity": 0.3691,
      "worst_cos_at_optimal": 0.9801,
      "sparsity_curve": {
        "0.10": 0.9995766878128052,
        "0.20": 0.996752142906189,
        "0.30": 0.9893419146537781,
        "0.40": 0.9751242399215698,
        "0.50": 0.9455925226211548,
        "0.60": 0.907206118106842,
        "0.70": 0.8549736142158508,
        "0.80": 0.7717980146408081,
        "0.90": 0.6368587017059326,
        "0.3500": 0.9831393957138062,
        "0.3750": 0.9786940217018127,
        "0.3625": 0.9811900854110718,
        "0.3688": 0.9801468849182129,
        "0.3719": 0.9791550636291504,
        "0.3703": 0.9799108505249023,
        "0.3695": 0.979890763759613,
        "0.3691": 0.9801005721092224
      }
    },
    {
      "layer_idx": 1,
      "optimal_sparsity": 0.3965,
      "worst_cos_at_optimal": 0.98,
      "sparsity_curve": {
        "0.10": 0.9995822906494141,
        "0.20": 0.9974009990692139,
        "0.30": 0.9914075136184692,
        "0.40": 0.9797753095626831,
        "0.50": 0.9567991495132446,
        "0.60": 0.9196397662162781,
        "0.70": 0.8727737665176392,
        "0.80": 0.7780905961990356,
        "0.90": 0.6481747627258301,
        "0.3500": 0.9854291677474976,
        "0.3750": 0.98307204246521,
        "0.3875": 0.9813110828399658,
        "0.3938": 0.9803794622421265,
        "0.3969": 0.9799832701683044,
        "0.3953": 0.9802238941192627,
        "0.3961": 0.9800978899002075,
        "0.3965": 0.9800434112548828
      }
    },
    {
      "layer_idx": 2,
      "optimal_sparsity": 0.3961,
      "worst_cos_at_optimal": 0.98,
      "sparsity_curve": {
        "0.10": 0.9996280670166016,
        "0.20": 0.9973867535591125,
        "0.30": 0.9909112453460693,
        "0.40": 0.9794594645500183,
        "0.50": 0.9536932706832886,
        "0.60": 0.9185433387756348,
        "0.70": 0.8699992895126343,
        "0.80": 0.7827216386795044,
        "0.90": 0.630300760269165,
        "0.3500": 0.9859214425086975,
        "0.3750": 0.9827697277069092,
        "0.3875": 0.98158860206604,
        "0.3938": 0.9806208610534668,
        "0.3969": 0.9797583818435669,
        "0.3953": 0.9802292585372925,
        "0.3961": 0.9800191521644592,
        "0.3965": 0.9798915386199951
      }
    },
    {
      "layer_idx": 3,
      "optimal_sparsity": 0.3871,
      "worst_cos_at_optimal": 0.9801,
      "sparsity_curve": {
        "0.10": 0.9996103048324585,
        "0.20": 0.9973832368850708,
        "0.30": 0.9906532764434814,
        "0.40": 0.9782338738441467,
        "0.50": 0.9570790529251099,
        "0.60": 0.9219304919242859,
        "0.70": 0.8661742806434631,
        "0.80": 0.7751420736312866,
        "0.90": 0.6362294554710388,
        "0.3500": 0.9854416847229004,
        "0.3750": 0.9826592206954956,
        "0.3875": 0.9799273610115051,
        "0.3812": 0.9814568161964417,
        "0.3844": 0.9806005954742432,
        "0.3859": 0.9804912805557251,
        "0.3867": 0.9802510738372803,
        "0.3871": 0.9800724387168884
      }
    },
    {
      "layer_idx": 4,
      "optimal_sparsity": 0.3852,
      "worst_cos_at_optimal": 0.98,
      "sparsity_curve": {
        "0.10": 0.9995936155319214,
        "0.20": 0.9969446659088135,
        "0.30": 0.9905464053153992,
        "0.40": 0.9779082536697388,
        "0.50": 0.9541686773300171,
        "0.60": 0.9155609607696533,
        "0.70": 0.8637410998344421,
        "0.80": 0.7636478543281555,
        "0.90": 0.6370254158973694,
        "0.3500": 0.9845892190933228,
        "0.3750": 0.9809284210205078,
        "0.3875": 0.9798043966293335,
        "0.3812": 0.9805293083190918,
        "0.3844": 0.9801934957504272,
        "0.3859": 0.9798880815505981,
        "0.3852": 0.9800260066986084,
        "0.3855": 0.9799875020980835
      }
    },
    {
      "layer_idx": 5,
      "optimal_sparsity": 0.3734,
      "worst_cos_at_optimal": 0.98,
      "sparsity_curve": {
        "0.10": 0.9995755553245544,
        "0.20": 0.9968277812004089,
        "0.30": 0.9896490573883057,
        "0.40": 0.9756235480308533,
        "0.50": 0.9465509057044983,
        "0.60": 0.9159512519836426,
        "0.70": 0.8637878894805908,
        "0.80": 0.7792928814888,
        "0.90": 0.6466139554977417,
        "0.3500": 0.9842237234115601,
        "0.3750": 0.9798978567123413,
        "0.3625": 0.9821024537086487,
        "0.3688": 0.9813723564147949,
        "0.3719": 0.9800938963890076,
        "0.3734": 0.9800388813018799,
        "0.3742": 0.9799199104309082,
        "0.3738": 0.9799253940582275
      }
    },
    {
      "layer_idx": 6,
      "optimal_sparsity": 0.3477,
      "worst_cos_at_optimal": 0.9802,
      "sparsity_curve": {
        "0.10": 0.9994692802429199,
        "0.20": 0.9959338903427124,
        "0.30": 0.9868086576461792,
        "0.40": 0.9697877168655396,
        "0.50": 0.9440845251083374,
        "0.60": 0.9029121398925781,
        "0.70": 0.8418817520141602,
        "0.80": 0.7464436292648315,
        "0.90": 0.5953648090362549,
        "0.3500": 0.9796494841575623,
        "0.3250": 0.9838429689407349,
        "0.3375": 0.9815717935562134,
        "0.3438": 0.9804892539978027,
        "0.3469": 0.9801598191261292,
        "0.3484": 0.9799399971961975,
        "0.3477": 0.9802311062812805,
        "0.3480": 0.9799360036849976
      }
    },
    {
      "layer_idx": 7,
      "optimal_sparsity": 0.3383,
      "worst_cos_at_optimal": 0.98,
      "sparsity_curve": {
        "0.10": 0.9991607069969177,
        "0.20": 0.99553382396698,
        "0.30": 0.9867501258850098,
        "0.40": 0.9681565165519714,
        "0.50": 0.9410977363586426,
        "0.60": 0.9012823104858398,
        "0.70": 0.8512380123138428,
        "0.80": 0.7687287330627441,
        "0.90": 0.6138954758644104,
        "0.3500": 0.9784298539161682,
        "0.3250": 0.9830043315887451,
        "0.3375": 0.9800642728805542,
        "0.3438": 0.9789678454399109,
        "0.3406": 0.979475200176239,
        "0.3391": 0.9798312187194824,
        "0.3383": 0.9800211787223816,
        "0.3387": 0.9798682332038879
      }
    },
    {
      "layer_idx": 8,
      "optimal_sparsity": 0.3328,
      "worst_cos_at_optimal": 0.98,
      "sparsity_curve": {
        "0.10": 0.999419629573822,
        "0.20": 0.9958608150482178,
        "0.30": 0.9842925071716309,
        "0.40": 0.9682402610778809,
        "0.50": 0.9429446458816528,
        "0.60": 0.9023208022117615,
        "0.70": 0.853596568107605,
        "0.80": 0.768968403339386,
        "0.90": 0.6392043828964233,
        "0.3500": 0.9781920313835144,
        "0.3250": 0.9808884263038635,
        "0.3375": 0.9797267913818359,
        "0.3312": 0.9803017377853394,
        "0.3344": 0.9798891544342041,
        "0.3328": 0.9800446629524231,
        "0.3336": 0.9799472689628601,
        "0.3332": 0.9799501895904541
      }
    },
    {
      "layer_idx": 9,
      "optimal_sparsity": 0.2918,
      "worst_cos_at_optimal": 0.9801,
      "sparsity_curve": {
        "0.10": 0.9990379810333252,
        "0.20": 0.9935474991798401,